{
	"all_points": {
		"monument": {
			"x": 7,
			"y": 1,
			"coords": {
				"latitude": 52.282673935069106,
				"longitude": 104.28143367544139
			},
			"delay_time": 5
		},
		"pharmacy": {
			"x": 4,
			"y": 3,
			"coords": {
				"latitude": 52.282374539713466,
				"longitude": 104.28054854646648
			},
			"delay_time": 10
		},
		"cafe": {
			"x": 8,
			"y": 7,
			"coords": {
				"latitude": 52.28148621185799,
				"longitude": 104.28177163377725
			},
			"delay_time": 5
		},
		"pizza": {
			"x": 1,
			"y": 3,
			"coords": {
				"latitude": 52.28228077261808,
				"longitude": 104.27936837449991
			},
			"delay_time": 3
		},
		"wooden house": {
			"x": 1,
			"y": 6,
			"coords": {
				"latitude": 52.281596431286715,
				"longitude": 104.27944884077036
			},
			"delay_time": 10
		}
	},
	"points": {
		"monument": {
			"x": 7,
			"y": 1,
			"coords": {
				"latitude": 52.282674,
				"longitude": 104.281434
			},
			"delay_time": 5,
			"overloaded_coeff": 0.800000
		},
		"pharmacy": {
			"x": 4,
			"y": 3,
			"coords": {
				"latitude": 52.282375,
				"longitude": 104.280549
			},
			"delay_time": 10,
			"overloaded_coeff": 0.500000
		},
		"cafe": {
			"x": 8,
			"y": 7,
			"coords": {
				"latitude": 52.281486,
				"longitude": 104.281772
			},
			"delay_time": 5,
			"overloaded_coeff": 0.000000
		},
		"pizza": {
			"x": 1,
			"y": 3,
			"coords": {
				"latitude": 52.282281,
				"longitude": 104.279368
			},
			"delay_time": 3,
			"overloaded_coeff": 0.000000
		},
		"wooden house": {
			"x": 1,
			"y": 6,
			"coords": {
				"latitude": 52.281596,
				"longitude": 104.279449
			},
			"delay_time": 10,
			"overloaded_coeff": 0.000000
		}
	},
	"graphs": [
		{
			"graph_1": [
				{
					"from_id": "7,1",
					"to_id": "4,3",
					"time": 1
				},
				{
					"from_id": "4,3",
					"to_id": "8,7",
					"time": 2
				},
				{
					"from_id": "8,7",
					"to_id": "1,3",
					"time": 8
				},
				{
					"from_id": "1,3",
					"to_id": "1,6",
					"time": 5
				}
			]
		},
		{
			"graph_2": [
				{
					"from_id": "7,1",
					"to_id": "4,3",
					"time": 1
				},
				{
					"from_id": "4,3",
					"to_id": "8,7",
					"time": 2
				},
				{
					"from_id": "8,7",
					"to_id": "1,3",
					"time": 8
				},
				{
					"from_id": "1,3",
					"to_id": "1,6",
					"time": 5
				}
			]
		}
	],
	"E": 26
}